comic_name,active_years,issue_title,publish_date,issue_description,penciler,writer,cover_artist,Imprint,Format,Rating,Price
Age of Apocalypse (2011 - 2013),(2011 - 2013),Age of Apocalypse (2011) #14,"April 03, 2013",PART 3 of X-TERMINATION!...FINAL ISSUE! The multi-verse is being consumed! No one is safe as our heroes split up to fight a war in two universes.,Giuseppe Camuncoli,David Lapham,None,None, Comic,None, $2.99
Age of Apocalypse (2011 - 2013),(2011 - 2013),Age of Apocalypse (2011) #13,"March 06, 2013","PROLOGUE TO X-TERMINATION! AOA Nightcrawler has betrayed UNCANNY X-FORCE, what next? All the threads laid since 1 converge!",Greg Land,David Lapham,None,None, Comic,None, $2.99
Age of Apocalypse (2011 - 2013),(2011 - 2013),Age of Apocalypse (2011) #12,"February 13, 2013",The battle is over and the world has changed. But is anyone better off? Those who are left of the Exterminated try to pick up the pieces.,Kris Anka,David Lapham,None,None, Comic,None, $2.99
Age of Apocalypse (2011 - 2013),(2011 - 2013),Age of Apocalypse (2011) #11,"January 09, 2013",The X-Terminated vs. Weapon X! Jean Grey's fate lies in the balance!,Roberto Delatorre,David Lapham,None,None, Comic,None, $2.99
Age of Apocalypse (2011 - 2013),(2011 - 2013),Age of Apocalypse (2011) #10,"December 12, 2012",Jean Grey believes she can defeat Weapon Omega. Weapon Omega knows he can kill Jean Grey. Which will win out?,Roberto Pascual De La Torre,David Lapham,Kris Anka,None, Comic,None, $2.99
Age of Apocalypse (2011 - 2013),(2011 - 2013),Age of Apocalypse (2011) #9,"November 07, 2012","Jean Grey finds herself on the run… from Cyclops!Prophet’s final plan for human survival takes shape.A weapon that could kill Weapon X, a.k.a. the Overlord, is discovered!",Roberto Delatorre,David Lapham,Kris Anka,None, Comic,None, $2.99
Age of Apocalypse (2011 - 2013),(2011 - 2013),Age of Apocalypse (2011) #8,"October 03, 2012",Can the X-Terminated get the information they need from Dr. Doom to defeat Weapon Omega? Deadeye may be able to help...,Kris Anka,David Lapham,None,None, Comic,None, $2.99
Age of Apocalypse (2011 - 2013),(2011 - 2013),Age of Apocalypse (2011) #7,"September 05, 2012",The X-Terminated travel to Latveria in search of Victor Von Doom!,Kris Anka,David Lapham,None,None, Comic,None, $2.99
Age of Apocalypse (2011 - 2013),(2011 - 2013),Age of Apocalypse (2011) #6,"August 01, 2012","The lady Penance rises, promising salvation for all who follow her! A reincarnated Alpha mutant returns! Can the X-Terminated trust their leader?",Humberto Ramos,David Lapham,None,None, Comic,None, $2.99
Age of Apocalypse (2011 - 2013),(2011 - 2013),Age of Apocalypse (2011) #5,"July 04, 2012",Jean Grey goes on her first mission with the X-Terminated. Will she survive it? Meet the Quentin Quire of the AGE OF APOCALYPSE for the first time and find out why so many fear him!,Humberto Ramos,David Lapham,None,None, Comic,None, $2.99
Age of Apocalypse (2011 - 2013),(2011 - 2013),Age of Apocalypse (2011) #4,"June 06, 2012","The X-Terminated activate their secret weapon, the AOA version of THE HULK!",Humberto Ramos,David Lapham,None,None, Comic,None, $2.99
Age of Apocalypse (2011 - 2013),(2011 - 2013),Age of Apocalypse (2011) #3,"May 02, 2012","AOA Wolverine's plan to defeat humanity is finally revealed! While Wolverine continues to put his plan into action, the humans discover a secret weapon of their own that could turn the tide of the battle in their favor.",Roberto De La Torre,David Lapham,Mike Mckone,None, Comic, Parental Advisory, $2.99
Age of Apocalypse (2011 - 2013),(2011 - 2013),Age of Apocalypse (2011) #2,"April 04, 2012","Faced with a losing battle against Weapon X, it seems the X-Men have very little hope for survival. Meanwhile, Jean Grey and Sabretooth reach their lowest point in their fight to survive in this alternate dystopian reality.",Roberto Pascual De La Torre,David Lapham,None,None, Comic,None, $2.99
Age of Apocalypse (2011 - 2013),(2011 - 2013),Age of Apocalypse (2011) #1,"March 07, 2012","Spinning directly out of UNCANNY X-FORCE! The Amazing X-Men have lost and the evil Weapon X is more powerful than ever! But who are these heroes, these lowly mortal men and women, who step out from the shadows? Who are the X-Terminated?",Roberto Delatorre,David Lapham,Humberto Ramos,None, Comic,None, $2.99
All-New Captain America (2014 - 2015),(2014 - 2015),All-New Captain America (2014) #6,"April 29, 2015","Baron Blood vs Captain America, Hydra's war is won, and Zemo's atrocities continue. Sam Wilson will earn his strips--the single greatest sacrifice in a lifetime of them--and he will never be the same again. The end of the first story arc that sets the stage for the coming Age of Hydra.",Stuart Immonen,Rick Remender,None,None, Comic,None, $3.99
All-New Captain America (2014 - 2015),(2014 - 2015),All-New Captain America (2014) #5,"March 18, 2015",The countdown to great leveling begins. Planet Hydra Is all but assured. Captain America is our last hope.,Stuart Immonen,Rick Remender,None,None, Comic,None, $3.99
All-New Captain America (2014 - 2015),(2014 - 2015),All-New Captain America (2014) #4,"February 18, 2015","Hydra initiates the next step in their scheme, millions of innocent souls hang in the balance. Cap is broken and nearly dead from the gauntlet of the new Hydra, so how can he take down the combined might of Cobra and the Armadillo in time to stop the great leveling? A mysterious woman from the past returns!",Stuart Immonen,Rick Remender,None,None, Comic,None, $3.99
All-New Captain America (2014 - 2015),(2014 - 2015),All-New Captain America (2014) #3,"January 14, 2015","This is it! The new generations meet--Captain America vs Sin, daughter of the Red Skull! The truth in regards to the blood of equalization is revealed, but Hydra's proliferation is too wide, there is no stopping them now. Nomad stands tall against the ruthless might of one of Cap's oldest foes!",Stuart Immonen,Rick Remender,None,None, Comic,None, $3.99
All-New Captain America (2014 - 2015),(2014 - 2015),All-New Captain America (2014) #2,"December 17, 2014","The new Hydra has formed, comprised of the most ruthless villains of the Marvel Universe as the great infiltration continues! Cap uncovers the ultimate goal of the new Hydra but is it too late to stop them? Cap and Nomad's new partnership is put to the ultimate test as they race to uncover The Sect of the Unknown!",Stuart Immonen,Rick Remender,None,None, Comic,None, $3.99
All-New Captain America (2014 - 2015),(2014 - 2015),All-New Captain America (2014) #1,"November 12, 2014","This is it! The all-new, Spy-Fi, highflying adventures of Sam Wilson Captain America and Nomad begin here! Hydra is growing, the terrorist band have has infiltrated the Marvel Universe completely! But what is their ultimate goal? United by Hydra, Cap's rogue's gallery gathers to take down the new untested Captain America and Nomad!",Stuart Immonen,Rick Remender,None,None, Comic,None, $3.99
All-New Captain America: Fear Him (2015),(2015),All-New Captain America: Fear Him (2015) #4,"February 25, 2015",- It's Nomad's last stand. As the Scarecrow's terror pheromone has taken Captain America's mind... But that's really the least of his worries. - What does it take to scare a man who grew up in a Dimension of boogie men?,Simone Bianchi,"Dennis ""Hopeless"" Hallum",None, Marvel Universe, Comic, Rated T, $3.99
All-New Captain America: Fear Him (2015),(2015),All-New Captain America: Fear Him (2015) #3,"February 18, 2015","- Cap and Nomad reunited! There's not much this dysfunctional duo can't handle... - Except, of course, when one of them is having a violent psychotic episode.",Simone Bianchi,"Dennis ""Hopeless"" Hallum",None, Marvel Universe, Comic, Rated T, $3.99
All-New Captain America: Fear Him (2015),(2015),All-New Captain America: Fear Him (2015) #2,"February 11, 2015",- All New Captain America searches the sewers for the missing Nomad... - While the Scarecrow and his army of terror crows do their worst.,Simone Bianchi,"Dennis ""Hopeless"" Hallum",None, Marvel Universe, Comic, Rated T, $3.99
All-New Captain America: Fear Him (2015),(2015),All-New Captain America: Fear Him (2015) #1,"February 04, 2015",A hungry villain has returned to feed on the city's fear. It's up to the All New Captain America and Nomad to curb his appetite...Which might be easier if they weren't always at each other's throats.,Simone Bianchi,"Dennis ""Hopeless"" Hallum",None, Marvel Universe, Comic, Rated T, $3.99
Annihilation (2006 - 2007),(2006 - 2007),Annihilation (2006) #6,"January 31, 2007","Nova and Annihilus face off in a fight to the finish with the fates of two, count 'em, two, universes at stake. You think that's bad? Wait until you see what happens when Galactus decides to go to war.",Andrea DI Vito,Keith Giffen,Gabriele Dell'otto, Marvel Universe, Comic,None, $2.99
Annihilation (2006 - 2007),(2006 - 2007),Annihilation (2006) #5,"December 27, 2006","With the war lost, Ronan and the very, very angry Super-Skrull kill their way to the heart of the Kree Empire. VIVE LA KREE!",Andrea DI Vito,Keith Giffen,Gabriele Dell'otto, Marvel Universe, Comic,None, $2.99
Annihilation (2006 - 2007),(2006 - 2007),Annihilation (2006) #4,"November 08, 2006","Left behind, can Drax survive... Thanos takes action... and Nova sets course on a suicide mission.",Andrea DI Vito,Keith Giffen,Gabriele Dell'otto, Marvel Universe, Comic,None, $2.99
Annihilation (2006 - 2007),(2006 - 2007),Annihilation (2006) #3,"October 11, 2006","Nova's United Front is divided. Nova sets off on a desperate mission. Ronan heads to Hala to free the Kree race. And everyone else is just trying to survive! And what's Drax's secret agenda, anyway?",Andrea DI Vito,Keith Giffen,Gabriele Dell'otto, Marvel Universe, Comic,None, $2.99
Annihilation (2006 - 2007),(2006 - 2007),Annihilation (2006) #2,"September 13, 2006","The United Front led by NOVA, RONAN and DRAX have held, but only just. ANNIHILUS' forces have been fought to a standstill. But can any defense withstand the devastating attack of RAVENOUS and the CENTURIONS?",Andrea DI Vito,Keith Giffen,Gabriele Dell'otto, Marvel Universe, Comic,None, $2.99
Annihilation (2006 - 2007),(2006 - 2007),Annihilation (2006) #1,"August 09, 2006","One empire has fallen. Two heroes are dead.It all comes together here! Individually, the Silver Surfer, Super-Skrull, Ronan and Nova have faced down the Annihilation Wave... and lost! Now, they must unite those who remain or die by Annihilus' hand! The Annihilation has only begun!",Andrea DI Vito,Keith Giffen,None, Marvel Universe, Comic,None, $2.99
Annihilation: Conquest - Starlord (2007),(2007),Annihilation: Conquest - Starlord (2007) #4,"November 07, 2007","Will Peter Quill and his ragtag squad succeed in their adventure - or is it truly a suicide mission? Hordes of the Phalanx close in on Starlord, Bug, Captain Universe, Deathcry, Groot, Mantis and Rocket Raccoon-and one may make the supreme sacrifice!",Timothy Green II,Keith Giffen,Nic Klein, MARVEL UNIVERSE, Comic, T, $2.99
Annihilation: Conquest - Starlord (2007),(2007),Annihilation: Conquest - Starlord (2007) #3,"September 26, 2007","On a no-win, no-tech suicide mission, Starlord and his rag-tag band of cosmic cult favorites struggle to recover from a huge loss, but they have no time to rest and reflect as their vicious foes unleash hell!",Timothy Green II,Keith Giffen,Nic Klein, MARVEL UNIVERSE, Comic, T, $2.99
Annihilation: Conquest - Starlord (2007),(2007),Annihilation: Conquest - Starlord (2007) #2,"August 22, 2007","Briefed, outfitted and dropped into chaos, it's time for Bug, Captain Universe, Deathcry, Groot, Mantis and Rocket Raccoon to become legends! That is, if Peter Quill can truly embrace his legacy as Starlord!",Timothy Green II,Keith Giffen,Nic Klein, MARVEL UNIVERSE, Comic, T, $2.99
Annihilation: Conquest - Starlord (2007),(2007),Annihilation: Conquest - Starlord (2007) #1,"July 25, 2007","Peter Quill is once again Star-Lord -- but what could possibly make him take on his former identity? And what brings together the motley crew that includes Bug, Captain Universe, Deathcry, Mantis, Groot and Rocket Raccoon?",Timothy Green II,Keith Giffen,Nic Klein, MARVEL UNIVERSE, Comic, T, $2.99
Annihilation: Conquest - Wraith (2007),(2007),Annihilation: Conquest - Wraith (2007) #4,"October 24, 2007","Wraith and Ronan -- the collision course ends here! If the Accuser wasn't enough, prepare for the Super-Skrull! Also, which ANNIHILATION character is pulling the strings of Marvel's gothic gunslinger?",Kyle Hotz,Javier Grillo-Marxuach,Clint Langley, MARVEL UNIVERSE, Comic, T, $2.99
Annihilation: Conquest - Wraith (2007),(2007),Annihilation: Conquest - Wraith (2007) #3,"September 06, 2007",Marvel's new gothic gunslinger makes a decision that will rock his already chaotic life! Last issue you learned Wraith's horrific origin-now find out how he'll enter a collision course with one of ANNIHILATION's major players!,Kyle Hotz,Javier Grillo-Marxuach,Clint Langley, MARVEL UNIVERSE, Comic, T, $2.99
Annihilation: Conquest - Wraith (2007),(2007),Annihilation: Conquest - Wraith (2007) #2,"August 08, 2007","Marvel's gothic gunslinger goes face-to-face with not one, but two stars of ANNIHILATION! Who has imprisoned Wraith, who is his fellow inmate, and who is their interrogator?!",Kyle Hotz,Javier Grillo-Marxuach,Clint Langley, MARVEL UNIVERSE, Comic, T, $2.99
Annihilation: Conquest - Wraith (2007),(2007),Annihilation: Conquest - Wraith (2007) #1,"July 11, 2007","Who is the haunted loner known as Wraith? What are his chilling powers, how did he get them, and what is the tragic quest that drives him?",Kyle Hotz,Javier Grillo-Marxuach,Clint Langley, MARVEL UNIVERSE, Comic, T, $2.99
Blade (2006 - 2007),(2006 - 2007),BLADE: SINS OF THE FATHER TPB (Trade Paperback),"October 03, 2007","Collects Blade (2006) #7-12. Hannibal King is back! And the fangs are sure to fly in this Lethal Weapon/Rush Hour-style team-up! Next, it's off to England as Blade seeks answers regarding his mysterious past — but all he's gotten is trouble, so now somebody's gonna pay! Guest staring Union Jack. Plus: Not a hoax! Not an imaginary story! Blade... DIES!",None,None,None,None,None,None,None
Blade (2006 - 2007),(2006 - 2007),Blade (2006) #12,"August 08, 2007","What is Blade's father's endgame? Will Blade keep his gun-hand? Will the Tryana prophecy be fulfilled and, if so, at what cost? What is Dracula's dark secret? All this...and the conclusion of Blade's origin.",None,None,None, Marvel Universe, Comic, T, $2.99
Blade (2006 - 2007),(2006 - 2007),Blade (2006) #11,"July 11, 2007","It's the climactic encounter between Blade and his newly-discovered father! What is Blade's connection to an ancient vampire prophecy and how will it affect him forever? The answers begin here, true believer!",None,None,None, Marvel Universe, Comic, T, $2.99
Blade (2006 - 2007),(2006 - 2007),Blade (2006) #10,"June 13, 2007","Blade is back in New York and he's butting heads with your Friendly Neighborhood Spider-Man-That not enough for ya? Well, he's got a GUN-ARM too.",None,None,None, Marvel Universe, Comic, T, $2.99
Blade (2006 - 2007),(2006 - 2007),BLADE: UNDEAD AGAIN TPB (Trade Paperback),"May 16, 2007","Collects Blade (2006) #1-6. A never before seen loom into Blade's mysterios past! Featuring Spider-Man, Dracula, Dr. Doom, Wolverine... and Santa Claus?",None,None,None,None,None,None,None
Blade (2006 - 2007),(2006 - 2007),Blade (2006) #9,"May 09, 2007","Blade came to England for answers regarding his mysterious past, but all he's gotten is trouble, so now somebody's gonna pay! Guest staring Union Jack.",None,None,None, Marvel Universe, Comic, T, $2.99
Blade (2006 - 2007),(2006 - 2007),Blade (2006) #8,"April 11, 2007",Because you demanded it: Hannibal King is back! And the fangs are sure to fly!,None,None,None, Marvel Universe, Comic, T, $2.99
Blade (2006 - 2007),(2006 - 2007),Blade (2006) #7,"March 14, 2007","Not a hoax! Not an imaginary story! In this issue, Blade... DIES!",None,None,None, Marvel Universe, Comic, T, $2.99
Blade (2006 - 2007),(2006 - 2007),Blade (2006) #6,"February 14, 2007","You asked for it! At long last, Blade comes face to face with his father! Who is this mysterious man? And what dark secret does he hold?",None,Marko Djurdjevic,None, Marvel Universe, Comic, T, $2.99
Blade (2006 - 2007),(2006 - 2007),Blade (2006) #5,"January 10, 2007",A Civil War: Casualties of War special self-contained issue! It's claws versus blades as Wolverine takes his VENDETTA to the pages of Blade!,None,Marko Djurdjevic,None, Marvel Universe, Comic, T, $2.99
Blade (2006 - 2007),(2006 - 2007),Blade (2006) #4,"December 13, 2006","'Twas the night before Christmas, and all through Manhattan, not a creature was stirring 'cause Blade had all stabbed 'em! There's one vampire Blade's been dying to get his sword on: Santa Claus! And this is the year he's vowed to do it.",None,Marko Djurdjevic,None, Marvel Universe, Comic, T, $2.99
Blade (2006 - 2007),(2006 - 2007),Blade (2006) #3,"November 15, 2006",A beautiful young woman is dead and Blade is the number one suspect. But how can he prove his innocence when he's really the one who killed her?,None,Marko Djurdjevic,None, Marvel Universe, Comic, T, $2.99
Blade (2006 - 2007),(2006 - 2007),Blade (2006) #2,"October 18, 2006","Blade goes up against the monarch of a Balkan nation... but it's not Dracula (been there, done that). This time, Blade has set his sights on none other than Dr. Doom! Plus, a look into Blade's mysterious past!",None,Marko Djurdjevic,None, Marvel Universe, Comic, T, $2.99
Blade (2006 - 2007),(2006 - 2007),Blade (2006) #1,"September 20, 2006","Spider-Man-a vampire! Dracula, Lord of the Undead! A classroom of bloodsucking 4th graders! It's a new series featuring the popular vampire hunter Blade!",None,Marko Djurdjevic,None, Marvel Universe, Comic, T, $2.99
Daredevil: Dark Nights (2013 - 2014),(2013 - 2014),Daredevil: Dark Nights (2013) #8,"January 08, 2014",DAREDEVIL'S IN THE ISLANDS - AND HE BROUGHT THE STREETS WITH HIM! Matt Murdock and Misty Knight are the only thing standing between a ruthless crime boss and justice. Marvel Knights legend Jimmy Palmiotti and rising star Thony Silas (VENOM) bring you the rollicking conclusion of IN THE NAME OF THE KING!,Thony Silas,Jimmy Palmiotti,Amanda Connor, Marvel Universe, Comic, Rated T+, $2.99
Daredevil: Dark Nights (2013 - 2014),(2013 - 2014),Daredevil: Dark Nights (2013) #7,"December 04, 2013","Miami, Florida. Out of his element. Surrounded by enemies. Misty Knight breathing down his neck. Is this a problem for Matt Murdock? Nope. Jimmy Palmiotti (DAREDEVIL) and Thony Silas (VENOM) bring you IN THE NAME OF THE KING, part two!",Thony Silas,Jimmy Palmiotti,Amanda Connor, Marvel Universe, Comic, Rated T+, $2.99
Daredevil: Dark Nights (2013 - 2014),(2013 - 2014),Daredevil: Dark Nights (2013) #6,"November 06, 2013","Matt Murdock is brought to the Caribbean by a client fleeing persecution, and he's got a new partner for this case - the Fearless Defender herself, MISTY KNIGHT! Daredevil legend Jimmy Palmiotti teams with rising star Thony Silas for the latest, greatest Dark Nights event: IN THE NAME OF THE KING!",Thony Silas,Jimmy Palmiotti,Amanda Connor, Marvel Universe, Comic, Rated T+, $2.99
Daredevil: Dark Nights (2013 - 2014),(2013 - 2014),Daredevil: Dark Nights (2013) #5,"October 02, 2013","This stunning exploration into the life of the Man Without Fear continues! A fugitive on the loose. The evidence Matt Murdock needs to prove his case has gone with him. And there's a huge, honkin' monster tearing New York apart. Just another day for Daredevil...David Lapham writes and draws a race against time!",Klaus Janson,David Lapham,None, Marvel Universe, Comic, Rated T+, $2.99
Daredevil: Dark Nights (2013 - 2014),(2013 - 2014),Daredevil: Dark Nights (2013) #4,"September 04, 2013","The Man Without Fear's life gets a voltage of violence from the Shocker! Matt Murdock must track a fugitive to protect his innocent client - while New York City and the Avengers must confront some massive monster mayhem! David Lapham returns to the gritty streets of the Mighty Marvel U in WHAT A DAY, WHAT A NIGHT - part one!",Klaus Janson,David Lapham,None, Marvel Universe, Comic, Rated T+, $2.99
Daredevil: Dark Nights (2013 - 2014),(2013 - 2014),Daredevil: Dark Nights (2013) #3,"August 07, 2013",Lee Weeks concludes his chapter in this special series of extraordinary creators celebrating the Man Without Fear! Everything may stand in his way but nothing will stop Daredevil from rescuing a young life! Will Matt Murdock survive the senses-shattering finale to ANGELS UNAWARE?!,Lee Weeks,Lee Weeks,None, Marvel Universe, Comic, Rated T+, $2.99
Daredevil: Dark Nights (2013 - 2014),(2013 - 2014),Daredevil: Dark Nights (2013) #2,"July 03, 2013",A gorgeous new series featuring the greatest talents in comics brings you the rest of the Man Without Fear's story. Legendary artist Lee Weeks returns to his favorite hero for...Angels Unaware! A blizzard brings New York to a stand still -- and a young patient lies on death's door unless Daredevil can get to him in time!,Lee Weeks,Lee Weeks,None, Marvel Universe, Comic, Rated T+, $2.99
Daredevil: Dark Nights (2013 - 2014),(2013 - 2014),Daredevil: Dark Nights (2013) #1,"June 05, 2013",A gorgeous new series featuring the greatest talents in comics brings you the rest of the Man Without Fear's story. Legendary artist Lee Weeks returns to his favorite hero for...Angels Unaware! A blizzard brings New York to a stand still -- and a young patient lies on death's door unless Daredevil can get to him in time!,Lee Weeks,Lee Weeks,None, Marvel Universe, Comic, Rated T+, $2.99
Daredevil: End of Days (2012 - 2013),(2012 - 2013),Daredevil: End of Days (2012) #8,"June 05, 2013",The stunning conclusion to Daredevil's final story! The mystery of Daredevil's final words are revealed--and Ben Urich's life will never be the same! Some of the Man Without Fear's greatest artists bring you the conclusion of his life story!,Alex Maleev,Brian Michael Bendis,None, Marvel Universe, Comic, Rated T+, $3.99
Daredevil: End of Days (2012 - 2013),(2012 - 2013),Daredevil: End of Days (2012) #7,"April 17, 2013",The mystery of Daredevil's final days leads Ben Urich through a gauntlet of the Man Without Fear's enemies! The trail brings Ben to The Church of The Hand... and a confrontation with Daredevil?! The penultimate chapter of Daredevil's final tale is here - and some of his greatest creators are here to tell it!,Alex Maleev,"Brian Michael Bendis, David Mack",None, Marvel Universe, Comic, Rated T+, $3.99
Daredevil: End of Days (2012 - 2013),(2012 - 2013),Daredevil: End of Days (2012) #6,"March 06, 2013","As Ben Urich looks for the secret behind Daredevil's death, some of Daredevil's greatest foes come looking for Ben! But before they can kill the intrepid investigator, they'll have to do battle with...Daredevil?! Some of the Man Without Fear's greatest creators come together to reveal the final Daredevil story!",Alex Maleev,"Brian Michael Bendis, David Mack",None, Marvel Universe, Comic, Rated T+, $3.99
Daredevil: End of Days (2012 - 2013),(2012 - 2013),Daredevil: End of Days (2012) #5,"February 06, 2013","The Mystery behind Daredevil's final days stands revealed! Witness the final fate of Frank Castle, the Punisher! Some of the Man Without Fear's greatest creators unite to tell his final story!",Alex Maleev,"David Mack, Brian Michael Bendis",None, Marvel Universe, Comic, Rated T+, $3.99
Daredevil: End of Days (2012 - 2013),(2012 - 2013),Daredevil: End of Days (2012) #4,"January 02, 2013","What significance does the word ""Mapone"" hold for Daredevil? Will Ben Urich discover the answer? Or will he die trying?",Alex Maleev,"Brian Michael Bendis, David Mack",None, Marvel Universe, Comic, Rated T+, $3.99
Daredevil: End of Days (2012 - 2013),(2012 - 2013),Daredevil: End of Days (2012) #3,"December 05, 2012",The deadly tale of Daredevil's defining hour continues! Ben Urich tracks down Matt Murdock's past loves to discover the secrets behind his death - but who is the new Daredevil tracking him?,Alex Maleev,"David Mack, Brian Michael Bendis",None, Marvel Universe, Comic, Rated T+, $3.99
Daredevil: End of Days (2012 - 2013),(2012 - 2013),Daredevil: End of Days (2012) #2,"November 07, 2012",The Kingpin is dead. Daredevil is dead. And that's just the beginning! Ben Urich digs deep into the seedy underbelly of the Marvel Universe and discovers Matt Murdock's biggest secret yet!,Alex Maleev,"Brian Michael Bendis, David Mack",None, Marvel Universe, Comic, Rated T+, $3.99
Daredevil: End of Days (2012 - 2013),(2012 - 2013),Daredevil: End of Days (2012) #1,"October 03, 2012","Revealed at last...how it ends for the Man without Fear! In the near future, investigative reporter Ben Urich has one last story to write ? what was Matt Murdock's final secret?",None,"Brian Michael Bendis, David Mack",None, Marvel Universe, Comic, Rated T+, $3.99
Doctor Strange and the Sorcerers Supreme (2016 - 2017),(2016 - 2017),Doctor Strange and the Sorcerers Supreme (2016) #12,"September 13, 2017","It's time for the Sorcerers to go home! With their original mission finally complete, Doctor Strange must figure out a way to send everyone back to their original timelines. Spoiler alert: Not everyone will make it home -",Nathan Stockman,Robbie Thompson,Javier Rodriguez, Marvel Universe, Comic, Rated T+, $3.99
Doctor Strange and the Sorcerers Supreme (2016 - 2017),(2016 - 2017),Doctor Strange and the Sorcerers Supreme (2016) #11,"August 30, 2017",The Sorcerers Supreme travel through the future and into Hell to save one of their own! But who rules the Underworld of Tomorrow? The answer is not who you'd expect!,Nathan Stockman,Robbie Thompson,Javier Rodriguez, Marvel Universe, Comic, Rated T+, $3.99
Doctor Strange and the Sorcerers Supreme (2016 - 2017),(2016 - 2017),Doctor Strange and the Sorcerers Supreme (2016) #10,"July 12, 2017",The Sorcerers go to the future to try to save Wiccan's life!,Nathan Stockman,Robbie Thompson,Javier Rodriguez, Marvel Universe, Comic, Rated T+, $3.99
Doctor Strange and the Sorcerers Supreme (2016 - 2017),(2016 - 2017),Doctor Strange and the Sorcerers Supreme (2016) #9,"June 28, 2017","Sir Isaac Newton, Sorcerer Supreme of his day, has mastered an ancient, evil magic and has gone power-mad. It's up to the Sorcerers Supreme to stop him from sending the world – and all of their own individual timelines – into chaos. Unfortunately, even with the Avengers on their side, it seems like they are still no match for Newton.",Javier Rodriguez,Robbie Thompson,Frank Brunner, Marvel Universe, Comic, Rated T+, $3.99
Doctor Strange and the Sorcerers Supreme (2016 - 2017),(2016 - 2017),Doctor Strange and the Sorcerers Supreme (2016) #8,"May 24, 2017","Sir Isaac Newton, scientific genius, pioneer and now nigh-omnipotent sorcerer, has come to the present-day Marvel Universe. First order of events? Take down the Avengers. The scary thing is, with his current power level, they don't stand a chance.",Javier Rodriguez,Robbie Thompson,Javier Rodriguez, Marvel Universe, Comic, Rated T+, $3.99
Doctor Strange and the Sorcerers Supreme (2016 - 2017),(2016 - 2017),Doctor Strange and the Sorcerers Supreme (2016) #7,"April 12, 2017","Sir Isaac Newton betrayed the rest of the Sorcerers Supreme, and has come to the present-day…where he takes on the Avengers!",Javier Rodriguez,Robbie Thompson,Javier Rodriguez, Marvel Universe, Comic, Rated T+, $3.99
Doctor Strange and the Sorcerers Supreme (2016 - 2017),(2016 - 2017),Doctor Strange and the Sorcerers Supreme (2016) #6,"March 08, 2017","THE ISSUE EVERYONE WILL BE TALKING ABOUT! The craziest comic Marvel publishes gets even crazier this issue. After being betrayed by one of their own, Doctor Strange and the Sorcerers Supreme are banished to a dark, magical dimension where everything is out to kill them! And you're trapped with them! Can you and the Sorcerers escape this maze-like madness?",Javier Rodriguez,Robbie Thompson,Javier Rodriguez, Marvel Universe, Comic, Rated T+, $3.99
Doctor Strange and the Sorcerers Supreme (2016 - 2017),(2016 - 2017),Doctor Strange and the Sorcerers Supreme (2016) #5,"February 08, 2017","After their devastating first mission, the surviving Sorcerers Supreme must regroup. Plus: What happened when Doctor Strange first met Isaac Newton? Guest-starring the pre-INFAMOUS IRON MAN Doctor Doom!",Nathan Stockman,Robbie Thompson,Javier Rodriguez, Marvel Universe, Comic, Rated T+, $3.99
Doctor Strange and the Sorcerers Supreme (2016 - 2017),(2016 - 2017),Doctor Strange and the Sorcerers Supreme (2016) #4,"January 11, 2017","The Sorcerers are losing the battle to the Unforgotten. The strongest among them is dead. Doctor Strange is weaker than ever. Can DEMON RIDER, the Ghost Rider of the 1800s turn the tide? Or THE CONJUROR?! Or perhaps the young man who will become the Ancient One? The climax of the first arc is here and not everyone will make it home.",Javier Rodriguez,Robbie Thompson,Javier Rodriguez, Marvel Universe, Comic, Rated T+, $3.99
Doctor Strange and the Sorcerers Supreme (2016 - 2017),(2016 - 2017),Doctor Strange and the Sorcerers Supreme (2016) #3,"December 28, 2016","One of the Sorcerers Supreme dies at the hands of the Forgotten! The biggest magical threat to the world is on the rise, and none of the Sorcerers have ever felt this weak before!",Javier Rodriguez,Robbie Thompson,Javier Rodriguez, Marvel Universe, Comic, Rated T+, $3.99
Doctor Strange and the Sorcerers Supreme (2016 - 2017),(2016 - 2017),Doctor Strange and the Sorcerers Supreme (2016) #2,"November 23, 2016",The Forgotten is here and is such a threat that it'll take a whole team of Sorcerers Supreme to take him down! Doctor Strange! The Ancient One! Merlin! Wiccan! Sir Isaac Newton! A Ghost Rider from the 1800s! And who is Nina? And can Strange risk the life of the young Ancient One without affecting his own future?,Javier Rodriguez,Robbie Thompson,Javier Rodriguez, Marvel Universe, Comic, Rated T+, $3.99
Doctor Strange and the Sorcerers Supreme (2016 - 2017),(2016 - 2017),Doctor Strange and the Sorcerers Supreme (2016) #1,"October 26, 2016","An ancient evil threatens to unravel the fabric of reality, and one Sorcerer Supreme may not be enough. Doctor Strange must unite past, present and future Sorcerers Supremes to stem the coming darkness - Merlin, the Ancient One, Wiccan, and more! But Strange should watch his back, not all of these Sorcerers have his best interests in mind...",Javier Rodriguez,Robbie Thompson,Rafael Albuquerque, Marvel Universe, Comic, Rated T+, $3.99
Guardians of the Galaxy (2019),(2019),Guardians of the Galaxy (2019) #12,"December 18, 2019",Thanos Wins…Cosmic Ghost Rider…The Death of the Inhumans…Silver Surfer: Black…Guardians of the Galaxy…It's all been leading to this.,"Ariel Olivetti, Tradd Moore, Geoffrey Shaw, Cory Smith",Donny Cates,Geoffrey Shaw,None, Comic, Rated T+, $4.99
Guardians of the Galaxy (2019),(2019),Guardians of the Galaxy (2019) #11,"November 13, 2019","The Universal Church of Truth is ready to raise their new messiah and beckon the cosmos into a new era! As his body begins to shut down, will Rocket be able to stop them and save the Guardians in his final moments? Or is this the end of the galaxy as we know it?",Cory Smith,Donny Cates,Geoffrey Shaw,None, Comic, Rated T+, $3.99
Guardians of the Galaxy (2019),(2019),Guardians of the Galaxy (2019) #10,"October 16, 2019","The threat of the Universal Church of Truth looms large over the cosmos! As the galaxy threatens to crumble under the onslaught of the Patriarch’s growing power, Rocket’s struggle to hold his failing body together has reached critical status! The only question is: can he hold on long enough to make a difference?",Cory Smith,Donny Cates,Patch Zircher,None, Comic, Rated T+, $3.99
Guardians of the Galaxy (2019),(2019),Guardians of the Galaxy (2019) #9,"September 18, 2019","The Guardians have been torn asunder by the Universal Church of Truth! After revealing his secret, Rocket has come out of hiding to help rescue his former team - but will Groot be able to forgive him long enough to save their friends - or is this the end of the Guardians?!",Cory Smith,Donny Cates,Patch Zircher,None, Comic, Rated T+, $3.99
Guardians of the Galaxy (2019),(2019),Guardians of the Galaxy (2019) #8,"August 21, 2019","THE DEATH OF ROCKET! The death of Rocket continues here in ”FAITHLESS” Part 2. Rocket Raccoon is dying! But when the Universal Church of Truth rises again, he may have no choice but to fight. Being near death, and with only a few Guardians willing to stand beside him…the odds aren’t looking good.",Cory Smith,Donny Cates,Mike Henderson,None, Comic, Rated T+, $3.99
Guardians of the Galaxy (2019),(2019),Guardians of the Galaxy (2019) #7,"July 24, 2019","The death of Rocket begins here in ”FAITHLESS” Part 1! In the aftermath of the FINAL GAUNTLET, the Guardians of the Galaxy are taking some well deserved R&R. But their vacation is about to be cut short when a familiar, but radically powerful enemy returns. And what does all of this have to do with the whereabouts of a certain raccoon?",Cory Smith,Donny Cates,David Marquez,None, Comic, Rated T+, $3.99
Guardians of the Galaxy (2019),(2019),Guardians of the Galaxy (2019) #6,"June 19, 2019","The Guardians of the Galaxy vs. the Dark Guardians vs. Hela and the Black Order! It’s all out chaos, and it’s about to get a whole lot worse…with the resurrection of Thanos!",Geoffrey Shaw,Donny Cates,David Marquez,None, Comic, Rated T+, $3.99
Guardians of the Galaxy (2019),(2019),Guardians of the Galaxy (2019) #5,"May 15, 2019",Hela hath no fury! At the mercy of the Goddess of Death! Hela’s dreams of resurrecting Thanos are finally within reach- But what will the Guardians have to sacrifice in order to prevent that?,Geoffrey Shaw,Donny Cates,David Marquez,None, Comic, Rated T+, $3.99
Guardians of the Galaxy (2019),(2019),Guardians of the Galaxy (2019) #4,"April 17, 2019","THE DARK GUARDIANS! The Dark Guardians, a new cosmic hit squad made up of the most powerful and cunning people in space, are going to kill Gamora. It’s time for the new Guardians of the Galaxy to saddle up!",Geoffrey Shaw,Donny Cates,David Marquez,None, Comic, Rated T+, $3.99
Guardians of the Galaxy (2019),(2019),Guardians of the Galaxy (2019) #3,"March 20, 2019","The Dark Guardians ascend! With a new Thanos rising, the galaxy calls for a group of heroes who will use any means necessary to end this threat. Unfortunately for Star-Lord, that’s NOT the Guardians of the Galaxy!",Geoffrey Shaw,Donny Cates,David Marquez,None, Comic, Rated T+, $3.99
Guardians of the Galaxy (2019),(2019),Guardians of the Galaxy (2019) #2,"February 20, 2019",Thanos is dead… Long live the NEW Thanos! But who will it be?! Will the new Guardians of the Galaxy find that person in time before the universe comes crashing down?,Geoffrey Shaw,Donny Cates,David Marquez,None, Comic, Rated T+, $3.99
Guardians of the Galaxy (2019),(2019),Guardians of the Galaxy (2019) #1,"January 23, 2019","WHO WILL STAND? The universe is on fire. Hundreds of worlds are at war. Never has there been such hatred and division across the cosmos. And in spite of all this, Thanos of Titan is still dead…or is he? Now, more than ever, the cosmos need the Guardians of the Galaxy…but in the aftermath of the Infinity Wars, who is left to answer the call? Featuring every cosmic super hero in the known universe by the THANOS WINS creative team of Donny Cates and Geoff Shaw!",Geoffrey Shaw,Donny Cates,David Marquez,None, Comic, Rated T+, $4.99
Psi-Force (1986 - 1989),(1986 - 1989),PSI-FORCE CLASSIC VOL. 1 TPB (Trade Paperback),"May 14, 2008","Collects Psi-Force #1-9. Neither KGB nor CIA was a match for the power of PSI in the New Universe! Gathered together by the mysterious Emmett Proudhawk, five paranormal teenagers struggled against government operatives, renegade superhumans and, most importantly, each other! Telepathy, astral projection, telekinesis, psychic empathy and psionic detonation merge to form something even greater: the Psi-Hawk! But who he is – and isn't – may be a secret that makes or breaks the team! It's intrigue and action, eighties-style!",None,None,None, MARVEL UNIVERSE, Trade Paperback, ALL AGES, $24.99
Punisher: Soviet (2019 - 2020),(2019 - 2020),Punisher: Soviet (2019) #6,"March 25, 2020",The soul-chilling end of PUNISHER: SOVIET is here. Frank and Val have fought side-by-side against not only a Russian mob but also against the tide of history and these issues will make you see The Punisher (and possibly the world) differently than you do now.,Jacen Burrows,Garth Ennis,Paolo Rivera,None, Comic, Explicit Content, $3.99
Punisher: Soviet (2019 - 2020),(2019 - 2020),Punisher: Soviet (2019) #5,"March 11, 2020",The soul-chilling end of PUNISHER: SOVIET is here. Frank and Val have fought side-by-side against not only a Russian mob but also against the tide of history and these issues will make you see The Punisher (and possibly the world) differently than you do now.,Jacen Burrows,Garth Ennis,Paolo Rivera,None, Comic, Explicit Content, $3.99
Punisher: Soviet (2019 - 2020),(2019 - 2020),Punisher: Soviet (2019) #4,"February 26, 2020","Valery Stefanovich has put himself on a collision course with The Punisher. The roots of this issue go back to Afghanistan in the 1980s where Valery spent time in the Russian Special Forces and some of the most horrific things you can imagine. Things that CHANGED him. Frank and Valery have so much in common, but that never bodes well, does it?",Jacen Burrows,Garth Ennis,Paolo Rivera,None, Comic, Explicit Content, $3.99
Punisher: Soviet (2019 - 2020),(2019 - 2020),Punisher: Soviet (2019) #3,"January 01, 2020","Valery Stefanovich has put himself on a collision course with The Punisher. The roots of this issue go back to Afghanistan in the 1980s where Valery spent time in the Russian Special Forces and some of the most horrific things you can imagine. Things that CHANGED him. Frank and Valery have so much in common, but that never bodes well, does it?",Jacen Burrows,Garth Ennis,Paolo Rivera,None, Comic, Explicit Content, $3.99
Punisher: Soviet (2019 - 2020),(2019 - 2020),Punisher: Soviet (2019) #2,"December 11, 2019",Seeds planted decades ago in Moscow and Afghanistan bloom bloody in New York City. Who is Valery Stepanovich and why did he mow down a room full of Russian mobsters? These are questions Frank Castle is going to answer and then decide if Valery deserves his own punishment.,Jacen Burrows,Garth Ennis,Paolo Rivera,None, Comic, Explicit Content, $3.99
Punisher: Soviet (2019 - 2020),(2019 - 2020),Punisher: Soviet (2019) #1,"November 13, 2019","Garth Ennis (Co-Creator of The Boys & Preacher) is back at Marvel and writing the Punisher again, this time with art phenom Jacen Burrows (MOON KNIGHT, 303, Crossed) at his side. A dozen Russian mobsters lie dead at the Punisher's feet and he wasn't the one who pulled the trigger. If you know Frank Castle, you know this doesn't necessarily set his mind at ease. Who is in New York City decimating the Russian mob and can it be long before they come into conflict with Frank?",Jacen Burrows,Garth Ennis,Paolo Rivera,None, Comic, Explicit Content, $3.99
Rise of the Black Panther (2018),(2018),Rise of the Black Panther (2018) #6,"June 06, 2018","THE RISE OF KILLMONGER! Loyalty. Patriotism. Sacrifice. Bound by love of his country, Killmonger moves to make the world fear the newly revealed nation of Wakanda. T'Challa faces the darkest moment yet of his young kinghood! And in the aftermath, the Black Panther must decide his role in a world full of super heroes!",Javier Pina,Evan Narcisse,Brian Stelfreeze,None, Comic, Rated T, $3.99
Rise of the Black Panther (2018),(2018),Rise of the Black Panther (2018) #5,"May 02, 2018","WINDS OF CHANGE BLOW THROUGH WAKANDA! Just as Wakanda comes onto the global stage, enemies close by make their move! The Hyena Clan is out to exploit the country's vast technology - and with a new king on the throne, it's a perfect time to strike. Assaulted on all fronts, T'Challa seeks out a love he left behind: Ororo Munroe, soon-to-be Storm of the X-Men. A missing chapter of the Black Panther and Storm's lifelong romance comes to light! And it's a triple threat as a traitor gathers forces. What is Project Koukou - and who is behind it?!","Edgar Salazar, Javier Pina",Evan Narcisse,Brian Stelfreeze,None, Comic, Rated T, $3.99
Rise of the Black Panther (2018),(2018),Rise of the Black Panther (2018) #4,"April 04, 2018","COME ONE, COME ENEMY! Now that T'Challa has revealed Wakanda to the world, he must face that world's demands - and those of its monarchs. What does Doctor Doom want from the new king? And it is not only governments and councils who worry about Wakanda's safety in the new era. A young refugee sees his country's coming struggle - and will make his own violence to save it.",Javier Pina,Evan Narcisse,Brian Stelfreeze,None, Comic, Rated T, $3.99
Rise of the Black Panther (2018),(2018),Rise of the Black Panther (2018) #3,"March 07, 2018","Against the wishes of his tribal council, the Black Panther unveils his country to the globe. But will T'Challa's faith in humanity bring ruin on his resource-rich home? The new king will quickly find his invitation brings unexpected guests. What is the Winter Soldier doing in Africa?!",Paul Renaud,Evan Narcisse,Brian Stelfreeze,None, Comic, Rated T, $3.99
Rise of the Black Panther (2018),(2018),Rise of the Black Panther (2018) #2,"February 07, 2018","T'Challa has finally taken up his crown! But the new king will find old wounds festering. When Wakandans go missing, the Black Panther goes on the prowl - and his path will lead far beyond the borders of his isolated country. Monarch meets monarch as Namor, the King of Atlantis, discovers Wakanda!",Javier Pina,Evan Narcisse,Brian Stelfreeze,None, Comic, Rated T, $3.99
Rise of the Black Panther (2018),(2018),Rise of the Black Panther (2018) #1,"January 03, 2018","SECRET ORIGIN OF THE BLACK PANTHER Part 1. Just in time for the highly anticipated film, witness the early years of the man who will come to rule one of the most scientifically advanced countries in the world! Wakanda has always kept itself isolated from Western society, but that's all about to change. Young T'Challa knows he is destined to become king, but when his father is brutally murdered by outsiders, he'll find himself taking up a mantle he may not be ready for. Experience never-before-seen drama from the reign of T'Chaka, the king whose death changes a nation's history forever. Learn about the mother T'Challa never knew. See how the world learns about this wondrous nation for the first time. Will the power of the Black Panther be enough to keep his country safe? Journalist Evan Narcisse makes his comics debut alongside acclaimed writer Ta-Nehisi Coates as they chronicle T'Challa's rise to the throne - and to the Panther legacy that made him an Avenger.",Paul Renaud,Evan Narcisse,Brian Stelfreeze,None, Comic, Rated T, $3.99
X-Men: First Class (2006),(2006),X-Men: First Class (2006) #8,"April 25, 2007","Their latest mission takes the X-Men into one of the world's deadliest jungles, where even the mutant mind of Charles Xavier cannot guide them safely. No, an expedition like this requires a GORILLA MAN!",Marko Djurdjevic,Jeff Parker,None, Marvel Universe, Comic, A, $2.99
X-Men: First Class (2006),(2006),X-Men: First Class (2006) #7,"March 21, 2007","The Brotherhood of Evil Mutants are the sworn enemies of the X-Men! They want to make conquerors of Homo Superior, and the X-Men must stand against them-especially when they use young mutants like that Scarlet Witch to do their bidding!",Roger Cruz,Jeff Parker,Marko Djurdjevic, Marvel Universe, Comic, A, $2.99
X-Men: First Class (2006),(2006),X-Men: First Class (2006) #6,"February 21, 2007","They walk among us in a world that hates and fears them. They could be the girl next door, or that college student who works at the coffee shop, appearing perfectly normal, yet possessing bizarre powers. Not mutants...SKRULLS!!!",Roger Cruz,Jeff Parker,Marko Djurdjevic, Marvel Universe, Comic, A, $2.99
X-Men: First Class (2006),(2006),X-Men: First Class (2006) #5,"January 17, 2007","Some very strange people have come calling for Bobby Drake, and the young mutants find themselves facing the harshest elements of the Norse Pantheon! With ancient forces in play, certainly someone will incur the wrath of the God of Thunder!",Roger Cruz,Jeff Parker,Marko Djurdjevic, Marvel Universe, Comic, A, $2.99
X-Men: First Class (2006),(2006),X-Men: First Class (2006) #4,"December 20, 2006","What dark force concerns Professor X and his gifted students as well as Dr. Strange, Master of the Mystic Arts? The answer lies in the ruby reality of the entity known as Cytorrak!",Roger Cruz,Jeff Parker,Marko Djurdjevic, Marvel Universe, Comic, A, $2.99
X-Men: First Class (2006),(2006),X-Men: First Class (2006) #3,"November 15, 2006",There is a place where secrets and mutant horrors are kept away from the greater world. That place is the mind of Charles Xavier. Now his exceptional students have to help Professor X escape that which he fears most!,Roger Cruz,Jeff Parker,Marko Djurdjevic, Marvel Universe, Comic, A, $2.99
X-Men: First Class (2006),(2006),X-Men: First Class (2006) #2,"October 18, 2006",Professor Xavier's star students finally get the Spring Break they deserve in Florida! But a visit to an old colleague of the Professor's turns into a battle for survival in the Everglades for Beast and Angel when they hunt THE LIZARD!,Roger Cruz,Jeff Parker,Marko Djurdjevic, Marvel Universe, Comic, A, $2.99
X-Men: First Class (2006),(2006),X-Men: First Class (2006) #1,"September 20, 2006","While students at the Xavier School for Gifted Youngsters, Cyclops, Marvel Girl, Angel, Beast and Iceman taught the world what it meant to be X-Men. These are the hidden stories of the team that laid the foundation of a mutant dynasty!",Roger Cruz,Jeff Parker,None, Marvel Universe, Comic, A, $2.99
X-Men: First Class (2007 - 2008),(2007 - 2008),X-Men: First Class (2007) #16,"September 17, 2008","The youngest, most rad members of the X-Men and the Fantastic Four ditch their lame teams and form THE MOST AWESOME DUO IN THE HISTORY OF SUPER-HEROING! Get ready world for Iceman and Human Torch! Plus, Spider-Man!",Patrick Scherberger,Jeff Parker,None, Marvel Universe, Comic, A, $2.99
X-Men: First Class (2007 - 2008),(2007 - 2008),X-Men: First Class (2007) #15,"August 20, 2008","The mysterious Medusa has escaped the reach of the Fantastic Four, only to run right into the home of the Uncanny X-Men! What will become of this convergence of mutant and Inhuman?",Karl Kesel,Jeff Parker,None, Marvel Universe, Comic, A, $2.99
X-Men: First Class (2007 - 2008),(2007 - 2008),X-Men: First Class (2007) #14,"July 30, 2008","The X-Men's new friend Aaron isn't acting quite right. As it turns out, neither are the rest of the X-Series androids back at his secret facility. You might even say they're starting to become...dangerously unstable.","Roger Cruz, Colleen Coover",Jeff Parker,None, Marvel Universe, Comic, A, $2.99
X-Men: First Class (2007 - 2008),(2007 - 2008),X-Men: First Class (2007) #13,"June 25, 2008","The X-Men have a new visitor: Aaron Stack, aka Machine Man. Will Stack prove to be a help to the mutant team or a menace? And, will Machine Man learn anything about humanity from the X-Men?","Roger Cruz, Colleen Coover",Jeff Parker,Roger Cruz, Marvel Universe, Comic, A, $2.99
X-Men: First Class (2007 - 2008),(2007 - 2008),X-Men: First Class (2007) #12,"May 29, 2008","Angel gets the spotlight in this issue of FIRST CLASS. On a trip to South America to visit his aunt, Warren discovers a hidden tribe of people that will change his life and his place in the X-Men. Will he return to the Mansion or stay and find love?",Carlo Pagulayan,Jeff Parker,None, Marvel Universe, Comic, A, $2.99
X-Men: First Class (2007 - 2008),(2007 - 2008),X-Men: First Class (2007) #11,"April 23, 2008",The X-Men have dealt with telepathic trickery and mutant misdirection. But they have never faced the kind of illusions that Mysterio can create! The first class takes on one of Spidey's greatest foes!,Carlo Pagulayan,Jeff Parker,None, Marvel Universe, Comic, A, $2.99
X-Men: First Class (2007 - 2008),(2007 - 2008),X-Men: First Class (2007) #10,"March 26, 2008","With all the X-Men-save for Scott-out of commission from their last mission, Professor X sends Cyclops out on a solo mission. His objective: track down a killer mutant who has taken human hostages. Can Cyke get the job done on his own?",John Romita,Jeff Parker,None, Marvel Universe, Comic, A, $2.99
X-Men: First Class (2007 - 2008),(2007 - 2008),X-Men: First Class (2007) #9,"February 27, 2008","No longer with Magneto's Brotherhood, Wanda Maximoff is at a crossroads. Should she become a super hero like her friend Marvel Girl? Or will the Black Widow succeed in her goal of Scarlet Witch - Agent of S.H.I.E.L.D.!",Roger Cruz,Jeff Parker,None, Marvel Universe, Comic, A, $2.99
X-Men: First Class (2007 - 2008),(2007 - 2008),X-Men: First Class (2007) #8,"January 23, 2008","In the strangest swamp in the world, untold horrors await the young mutant team. Only one even stranger creature can walk this unfathomable realm intact. The X-Men face a nightmarish future... possibly the true one-when they journey into fear.",Eric Nguyen,Jeff Parker,None, Marvel Universe, Comic, A, $2.99
X-Men: First Class (2007 - 2008),(2007 - 2008),X-Men: First Class (2007) #7,"December 28, 2007","CATALYST PART 2 When the Sentinels analyze the altered physiology of the X-Men, they cease their attack. Their new mission: exterminate the mutants known as Quicksilver and Scarlet Witch. Can the depowered X-Men save their friends?",Roger Cruz,Jeff Parker,Eric Nguyen, Marvel Universe, Comic, A, $2.99
X-Men: First Class (2007 - 2008),(2007 - 2008),X-Men: First Class (2007) #6,"November 29, 2007","CATALYST PART 1 After a routine mission dealing with a strange comet, the X-Men unexpectedly lose their powers. While they come to terms and react in different ways to their new situation, an army of Sentinels begin their siege on the mansion.",Roger Cruz,Jeff Parker,Eric Nguyen, Marvel Universe, Comic, A, $2.99
X-Men: First Class (2007 - 2008),(2007 - 2008),X-Men: First Class (2007) #5,"October 24, 2007",The X-Men have faced Magento. They have fought Juggernaut. They have gone toe-to-toe with The Blob. But they have never faced a threat like the Jade Giant. It's the X-Men versus the Incredible Hulk!,Roger Cruz,Jeff Parker,Eric Nguyen, Marvel Universe, Comic, A, $2.99
X-Men: First Class (2007 - 2008),(2007 - 2008),X-Men: First Class (2007) #4,"September 26, 2007","Some things are missing from the mansion, including but not limited to: a pair of custom-made oversized shoes, all the candy, and one of Warren's cars. This can mean only one thing...ROADTRIP! Hank and Bobby head out on an adventure of their very own!",Eric Nguyen,Jeff Parker,None, Marvel Universe, Comic, A, $2.99
X-Men: First Class (2007 - 2008),(2007 - 2008),X-Men: First Class (2007) #3,"August 22, 2007","As the X-Men struggle to survive on Monster Island, they come to the startling realization that they have been set up. But operating in such a remote location without backup may prevent them from finding their saboteur. Can they survive?",Eric Nguyen,Jeff Parker,None, Marvel Universe, Comic, A, $2.99
X-Men: First Class (2007 - 2008),(2007 - 2008),X-Men: First Class (2007) #2,"July 25, 2007","The X-Men travel to Monster Island for extra credit! But on a mission thousands of miles from home without mental contact from the Professor, will the team of young mutants be able to survive horror and danger in the middle of the Pacific?",Eric Nguyen,Jeff Parker,None, Marvel Universe, Comic, A, $2.99
X-Men: First Class (2007 - 2008),(2007 - 2008),X-Men: First Class (2007) #1,"May 16, 2007","The early days of mutant fun returns! Unfortunately, the X-Men are a male-dominated group in this early time. Concerned that star pupil Marvel Girl could use a role model, Professor Xavier enlists the world's top female hero - Sue Storm, The Invisible Girl!",None,Eric Nguyen,None, Marvel Universe, Comic, A, $3.99